county,cty_pop2000,cz,city,cz_pop2000,state,stateabbrv,le_agg_q1_F,le_raceadj_q1_F,le_agg_q2_F,le_raceadj_q2_F,le_agg_q3_F,le_raceadj_q3_F,le_agg_q4_F,le_raceadj_q4_F,le_agg_q1_M,le_raceadj_q1_M,le_agg_q2_M,le_raceadj_q2_M,le_agg_q3_M,le_raceadj_q3_M,le_agg_q4_M,le_raceadj_q4_M,sd_le_agg_q1_F,sd_le_raceadj_q1_F,sd_le_agg_q2_F,sd_le_raceadj_q2_F,sd_le_agg_q3_F,sd_le_raceadj_q3_F,sd_le_agg_q4_F,sd_le_raceadj_q4_F,sd_le_agg_q1_M,sd_le_raceadj_q1_M,sd_le_agg_q2_M,sd_le_raceadj_q2_M,sd_le_agg_q3_M,sd_le_raceadj_q3_M,sd_le_agg_q4_M,sd_le_raceadj_q4_M,count_q1_F,count_q2_F,count_q3_F,count_q4_F,count_q1_M,count_q2_M,count_q3_M,count_q4_M
Adams,27330,12701,Cincinnati,1954800,Ohio,OH,82.716721,83.129143,83.351868,83.835754,83.176247,83.678551,83.121323,83.617165,76.589569,77.02845,79.474007,79.932739,83.079872,83.484444,83.612244,84.001076,1.0730945,1.0323799,1.3602773,1.3051552,1.8570929,1.7925893,2.6032701,2.5350049,0.83962971,0.8295567,1.0393844,1.0194721,1.5361537,1.4868319,3.1713214,3.0965712,25482,21759,14608,5438,25291,23142,15023,4292
Allen,108473,13400,Lima,260393,Ohio,OH,78.732872,79.357269,83.160149,83.733643,85.209671,85.658653,85.393776,85.738945,74.76313,75.446144,78.908806,79.497383,82.053741,82.506325,84.023262,84.382637,0.62929517,0.61730468,0.67766225,0.65450978,0.83549559,0.79756367,1.2861975,1.2402773,0.50614971,0.5017603,0.56850463,0.5620625,0.71370333,0.69631773,1.0900737,1.0612118,63253,73154,68901,38593,54615,74419,68969,35353
Ashland,52523,16000,Mansfield,326186,Ohio,OH,81.336479,81.842331,83.957527,84.381004,88.502953,88.688896,87.624084,87.946198,75.736267,76.212898,80.251793,80.680298,83.997467,84.294998,85.140114,85.476105,0.94095087,0.90909791,0.93635392,0.89801514,0.8658554,0.82214904,1.510031,1.4358969,0.70141727,0.69306743,0.71041429,0.69272399,0.92167574,0.89086801,1.5079572,1.4564518,32380,41649,36826,17244,28177,46045,35725,15218
Ashtabula,102728,15200,Cleveland,2661167,Ohio,OH,81.935677,82.427658,83.143593,83.580429,85.4552,85.740509,84.648941,85.093163,75.646423,76.161858,80.690933,81.074348,83.101234,83.44043,82.628883,83.025986,0.62512553,0.59753245,0.65345883,0.62749165,0.72846913,0.70029742,1.2848984,1.2344229,0.45778647,0.4540219,0.52406812,0.51701993,0.68891734,0.66887826,1.188125,1.1582986,77100,83150,69661,26818,71191,89257,69407,23729
Athens,62223,15800,Athens,142321,Ohio,OH,82.260323,82.604126,84.127464,84.53685,86.236588,86.635414,88.585922,88.738014,76.204422,76.647652,79.413849,79.863235,81.950089,82.423119,84.272003,84.547447,0.84540617,0.81240386,1.0418972,1.0003005,1.2294071,1.165126,1.1751603,1.1301754,0.66761446,0.65458965,0.81792909,0.80259967,1.1359187,1.1109445,1.3835788,1.3428341,35631,39565,30947,18853,36252,38742,29671,16729
Auglaize,46611,13400,Lima,260393,Ohio,OH,81.192444,81.591278,85.301056,85.63681,87.23513,87.538269,87.748932,88.031601,74.758842,75.158218,81.150299,81.596107,81.938255,82.39489,86.286163,86.53389,0.97793847,0.94750351,0.83332086,0.79463667,0.86125046,0.81386584,1.511621,1.4412552,0.72473335,0.71775687,0.78228265,0.76072025,0.88058317,0.85697311,1.2619512,1.2118673,28839,43951,48721,25489,24136,50674,49781,23256
Belmont,70226,15600,Wheeling,195637,Ohio,OH,81.295082,81.806099,83.372009,83.858482,85.726822,86.076233,87.188011,87.337189,74.770439,75.319199,79.944336,80.424835,82.999962,83.334122,85.182648,85.346291,0.65816379,0.63877141,0.84813076,0.81363547,1.1231958,1.0729547,1.6761228,1.6196328,0.51307738,0.5133341,0.66039455,0.6489746,0.9377169,0.91353989,1.4141477,1.3813508,55006,50899,45467,20612,48150,55067,45575,18152
Brown,42285,12701,Cincinnati,1954800,Ohio,OH,81.066116,81.493332,84.244499,84.665092,82.749893,83.236916,85.36512,85.762489,74.699669,75.152817,79.372467,79.879402,81.345039,81.793007,85.764221,86.078728,0.91144961,0.87631232,0.98370445,0.93312615,1.2880259,1.2481948,2.0720708,1.9889797,0.71193624,0.70855802,0.82011741,0.79885095,1.118757,1.0960385,1.8445227,1.7754858,28959,32593,25934,10257,25940,35192,25827,9331
Butler,332807,12701,Cincinnati,1954800,Ohio,OH,78.914345,79.527885,82.761887,83.059471,84.924477,85.274933,86.997292,87.251488,74.170403,74.79467,79.112228,79.477654,82.748276,83.130173,83.985268,84.327934,0.38436875,0.38035557,0.3833217,0.37569299,0.43398532,0.42056978,0.51870167,0.50145912,0.32239291,0.32964635,0.32781979,0.3270497,0.3677972,0.36142749,0.48557839,0.47395858,168075,227946,247159,217938,149687,214645,248497,211341
Carroll,28836,15000,Canton,700866,Ohio,OH,83.957458,84.330513,86.50515,86.731331,87.905914,88.171776,86.525284,86.716469,76.157341,76.666512,80.599068,81.040688,81.153885,81.591431,81.509323,81.947609,1.2711506,1.2104323,1.0651194,1.0160291,1.7208774,1.6334819,2.0280359,1.9490856,1.0267739,1.019444,1.1593232,1.1380256,1.3457531,1.3203928,2.157872,2.1161947,16121,18094,15826,5957,14139,20985,15448,5118
Champaign,38890,12501,Dayton,1179009,Ohio,OH,79.848228,80.324768,83.507736,83.952621,86.035423,86.304344,84.411835,84.913658,74.562248,75.156113,80.614204,81.046051,83.684982,84.006775,81.909126,82.38855,0.92238379,0.89199239,1.0078568,0.96695131,1.0010533,0.95659995,1.9235779,1.8482959,0.7768802,0.76781231,0.83377403,0.81420249,0.93179518,0.89889628,1.6956842,1.6604738,22739,31757,31172,14198,21010,32991,31296,13055
Clark,144742,12501,Dayton,1179009,Ohio,OH,79.973732,80.63533,84.442673,84.955498,83.841095,84.337311,84.821098,85.153191,73.986145,74.684944,79.847656,80.418144,81.349586,81.832123,83.068062,83.46418,0.51113802,0.49529064,0.49446288,0.46750334,0.63854098,0.6147359,0.86273879,0.82868195,0.39483437,0.39582166,0.46087649,0.45945773,0.54003894,0.53455323,0.86016017,0.84072948,92144,103397,103795,57154,81843,103538,101481,50646
Clermont,177977,12701,Cincinnati,1954800,Ohio,OH,81.330017,81.762253,83.427025,83.827423,83.918373,84.333969,87.669228,87.87339,75.335449,75.811768,79.117561,79.552589,82.339294,82.745949,84.841339,85.148491,0.51894408,0.50330603,0.51405889,0.49697733,0.57828075,0.56171316,0.61072451,0.58458036,0.4369044,0.43210676,0.41812357,0.41393355,0.51159257,0.49856538,0.58512259,0.56776184,93325,137434,150510,146474,84800,134443,151322,143378
Clinton,40543,12502,Washington Court House,109851,Ohio,OH,80.362343,80.855507,83.055939,83.50396,83.356468,83.891548,89.820915,89.918602,73.53389,74.033424,80.862465,81.291801,82.392479,82.836555,83.631767,83.991959,0.93510491,0.90663975,0.98289442,0.9391402,1.2638235,1.226722,1.1525923,1.1100926,0.59804982,0.60846907,0.84525543,0.82481587,0.96580321,0.93332994,1.6084497,1.5629251,28913,37238,34908,18621,27196,38775,35838,17279
Columbiana,112075,16400,Youngstown,809682,Ohio,OH,82.031181,82.463562,84.094742,84.489227,87.159081,87.476418,85.433693,85.811707,76.001076,76.489693,80.11705,80.498383,83.227608,83.662018,84.789146,85.131012,0.56162161,0.54485893,0.64154971,0.61655682,0.66061288,0.62483609,1.1181788,1.0688047,0.44869077,0.44358084,0.50228256,0.49656343,0.7001152,0.67900759,1.0828515,1.0458972,85727,89849,77623,34473,74546,99720,76715,30774
Coshocton,36655,15000,Canton,700866,Ohio,OH,81.512909,81.910667,84.629166,84.991699,87.605965,87.871338,86.064484,86.405632,74.527313,74.984657,79.964691,80.394402,81.638779,82.127731,82.398041,82.818352,0.93953073,0.9056024,1.0427247,1.0002366,1.0944155,1.0347021,1.9005095,1.8079525,0.73702127,0.73720276,0.86451477,0.84306985,1.1281085,1.0960705,1.991702,1.9344844,26529,27836,23068,8829,23429,29876,22948,7364
Crawford,46966,16000,Mansfield,326186,Ohio,OH,82.237534,82.667229,85.380981,85.684753,86.971718,87.254082,85.943848,86.25425,74.094963,74.607193,79.502319,79.91571,81.870537,82.325729,85.767113,85.975563,0.81673044,0.7854625,0.82369643,0.78543955,0.8637262,0.81874603,1.8357379,1.7682095,0.60423529,0.60466176,0.70163172,0.68839037,1.0394344,1.0182238,1.3751676,1.3297369,34910,42024,31648,12459,30936,44459,30308,11318
Cuyahoga,1393978,15200,Cleveland,2661167,Ohio,OH,80.727997,81.769569,83.583931,84.214439,85.426903,85.932678,87.595627,87.859459,74.937492,76.086845,79.272079,79.971863,82.34523,82.889694,85.515884,85.832184,0.18162328,0.19910489,0.18939266,0.19321989,0.2221303,0.21592206,0.24129897,0.23425342,0.14553331,0.17313783,0.17243363,0.18025398,0.20006873,0.19772336,0.2306013,0.22688262,858570,968091,812810,689309,771881,814982,738159,648455
Darke,53309,12501,Dayton,1179009,Ohio,OH,81.894005,82.339348,85.5298,85.847801,86.323204,86.652847,88.594345,88.817192,76.515411,76.957039,80.052307,80.450096,83.420753,83.801422,86.320938,86.619598,0.86571664,0.83151495,0.89261127,0.85231227,1.0133842,0.96166641,1.1199335,1.0547855,0.72277445,0.7110762,0.74025077,0.72213954,0.94272047,0.91091347,1.467033,1.3994484,31852,43423,34927,15575,28241,46738,33869,13722
Defiance,39500,13502,Defiance,98981,Ohio,OH,82.307472,82.335167,84.151382,84.457779,86.795853,87.006111,89.638496,89.725594,74.368591,74.520355,80.8461,81.181091,82.460724,82.762352,85.967964,86.10009,1.0329708,1.0049546,1.0058746,0.9616245,1.0120888,0.96851903,1.1234,1.076703,0.84604412,0.83554095,0.9171201,0.89527619,0.95705354,0.92728531,1.2405769,1.1988394,20733,29454,32026,17076,17810,32674,34594,15374
Delaware,109989,15900,Columbus,1663807,Ohio,OH,82.345322,82.629631,84.678047,85.115326,86.795403,87.11512,88.842712,88.860512,76.331596,76.716492,80.578278,81.083092,82.709229,83.140602,84.764717,84.960037,0.81769806,0.79301178,0.71241939,0.67987001,0.65735304,0.62389797,0.53727639,0.53148884,0.64219391,0.63438046,0.66267806,0.65046519,0.64562201,0.62411225,0.63359225,0.62005186,45041,77708,114129,175899,41719,72109,111828,181006
Erie,79551,15100,Lorain,423702,Ohio,OH,80.33326,81.020607,83.511055,83.940041,84.244995,84.698837,86.747604,87.089661,74.626976,75.338791,80.34214,80.784019,82.588913,83.01149,84.449936,84.790367,0.7051596,0.68114245,0.70310706,0.67563534,0.86510921,0.83094352,0.96094781,0.91144598,0.52815497,0.53019494,0.58294398,0.57412291,0.7162239,0.69872957,0.89764184,0.86539167,52540,64311,64012,43972,44052,63187,65422,41632
Fairfield,122759,15900,Columbus,1663807,Ohio,OH,81.223167,81.599426,85.68679,86.024597,85.899399,86.253403,86.597832,86.825134,74.717392,75.130424,80.766815,81.208252,83.071396,83.465866,84.59024,84.901985,0.59978509,0.58350343,0.5406878,0.51895845,0.63003117,0.60334432,0.75703031,0.73334837,0.44102648,0.44315234,0.49660933,0.48704264,0.55237055,0.53998536,0.63813674,0.61455178,74693,111185,125185,95593,66955,107635,123019,91932
Fayette,28433,12502,Washington Court House,109851,Ohio,OH,80.303505,80.846336,84.472603,84.799553,84.328949,84.813873,85.663979,85.889565,75.765236,76.271065,78.474495,78.880219,82.4879,82.925949,83.421089,83.803055,1.131794,1.0973874,1.2509747,1.1971298,1.746969,1.6822386,2.4314404,2.3552797,0.93171394,0.91557586,0.94520718,0.9318918,1.3810689,1.3411906,2.5623198,2.4889224,19673,21969,15558,6073,17209,22874,15095,5406
Franklin,1068978,15900,Columbus,1663807,Ohio,OH,79.598671,80.475693,83.232841,83.743782,85.000969,85.398491,87.579567,87.817062,74.3769,75.317764,79.065193,79.652519,82.008606,82.47789,85.055237,85.382401,0.23287146,0.23528379,0.23169576,0.22812846,0.24780132,0.24204858,0.28297421,0.27444136,0.17531355,0.18800046,0.2101724,0.21642335,0.23955446,0.23673154,0.28095901,0.27375507,563315,741877,670609,610037,564914,629943,607496,593041
Fulton,42084,13501,Toledo,834343,Ohio,OH,80.676071,80.996368,86.051193,86.150764,84.650284,84.996658,86.792099,87.100372,75.72522,75.958778,81.637947,81.76918,83.975906,84.238602,83.552338,83.879784,1.0248073,0.98616111,0.89908129,0.87027949,1.1145308,1.0676916,1.5216458,1.4510903,0.76818001,0.76201284,0.7722075,0.75566596,0.86860532,0.83918494,1.363096,1.3231647,26250,39776,42198,21170,22981,43460,42708,19751
Gallia,31069,15800,Athens,142321,Ohio,OH,82.197327,82.656883,82.526192,83.075317,86.893784,87.044319,83.564713,84.107536,76.468819,76.956993,80.18161,80.685677,83.948265,84.185448,82.957176,83.398346,1.1296918,1.0873569,1.1416696,1.0925354,1.2420137,1.2036842,2.3931913,2.3282137,0.81483358,0.80222559,0.94367772,0.91201496,1.2216916,1.1862634,1.9892834,1.938445,23913,23103,18718,8995,22319,22844,19076,8061
Geauga,90895,15200,Cleveland,2661167,Ohio,OH,84.078033,84.39537,84.892944,85.253754,85.510216,85.9142,88.79393,89.024124,78.729454,79.156471,82.258118,82.62764,83.251259,83.661034,86.168343,86.469139,0.8360123,0.80135882,0.82301217,0.7914235,0.78595972,0.74735606,0.68017775,0.64658642,0.75144333,0.7348789,0.66921407,0.65259457,0.73171324,0.70822668,0.68856609,0.66349721,38688,60459,74121,80797,35047,61661,73434,78043
Greene,147886,12501,Dayton,1179009,Ohio,OH,80.545334,80.903564,83.054993,83.538612,86.052177,86.280266,88.134872,88.263252,74.812996,75.307388,79.454033,79.956367,82.088699,82.466599,85.04715,85.343513,0.62387335,0.60626394,0.65178013,0.62651944,0.61803418,0.59453225,0.67545211,0.65181297,0.48262036,0.4783577,0.53045368,0.52086532,0.6289233,0.6125502,0.80404598,0.77584159,63412,84972,94371,78133,56652,82004,91302,73279
Guernsey,40792,15400,Zanesville,188410,Ohio,OH,80.490128,80.984795,84.571236,84.950378,87.327789,87.603317,84.320709,84.693604,75.813004,76.321487,79.743088,80.198441,82.437309,82.820587,86.479698,86.712677,0.80329329,0.77412367,0.96714443,0.91900599,1.2060211,1.1445334,2.2443907,2.1691601,0.67663121,0.67057705,0.87243426,0.86212325,1.167996,1.1333737,2.1799173,2.102181,34882,32683,24595,9264,32185,34576,23338,7886
Hamilton,845303,12701,Cincinnati,1954800,Ohio,OH,79.030128,80.186531,83.122459,83.788956,84.831047,85.408653,86.924881,87.20726,74.130051,75.356293,78.98745,79.709511,82.294365,82.878044,85.240463,85.560158,0.24766627,0.25934896,0.2395016,0.23936193,0.30421019,0.2962229,0.31273842,0.30577382,0.19788256,0.22042961,0.22575988,0.23026139,0.25915995,0.25328183,0.30316517,0.29499084,453227,547647,509217,522441,429930,468248,464800,492807
Hancock,71295,13300,Findlay,246623,Ohio,OH,80.769875,81.21846,84.095764,84.341713,85.777885,86.117432,86.549675,86.808113,75.357262,75.79805,79.788132,80.05368,82.335785,82.740479,85.142853,85.410378,0.88312161,0.85162634,0.84898704,0.81845599,0.89216304,0.84982246,1.1050204,1.0659148,0.67219788,0.66710144,0.69790119,0.6871962,0.82541072,0.80168891,1.0458409,1.0083151,34128,49697,49997,37040,30078,49587,51165,35487
Hardin,31945,13300,Findlay,246623,Ohio,OH,79.645782,80.194679,83.181046,83.620216,85.960487,86.315872,83.767166,84.160011,75.065742,75.547951,80.831856,81.239395,80.841103,81.29438,84.951004,85.230736,1.1669211,1.1352189,1.1429558,1.0966555,1.338057,1.2675722,2.2643304,2.1914539,0.90623116,0.89471805,0.93600726,0.90779984,1.1524255,1.1270337,1.6724156,1.6087741,19644,24099,21350,8358,17092,26605,21530,7778
Henry,29210,13501,Toledo,834343,Ohio,OH,81.503571,81.827003,84.218727,84.633163,84.509857,84.854698,89.394203,89.372612,74.706787,74.956337,80.509796,80.887749,81.854713,82.197487,86.604012,86.617783,1.3178302,1.2697155,1.3153592,1.2618967,1.3337864,1.2825938,1.4140269,1.3906317,1.015258,1.0039433,1.0001886,0.97237039,1.1394449,1.1143343,1.6732806,1.6464511,14967,22461,24750,11800,12957,24987,25861,10481
Highland,40875,12502,Washington Court House,109851,Ohio,OH,81.08007,81.597618,82.319939,82.811272,83.773827,84.25914,87.312775,87.502808,74.896477,75.428314,79.988998,80.447334,83.184608,83.542938,80.937637,81.33828,0.90897137,0.87817585,0.99421358,0.9593268,1.4058921,1.3619369,1.8476804,1.7768791,0.646065,0.64293993,0.81293178,0.79901832,1.0419496,1.0025847,1.8581276,1.8313398,31632,35122,24027,9216,30189,35874,23214,8170
Hocking,28241,15900,Columbus,1663807,Ohio,OH,81.055695,81.516609,84.092461,84.516914,85.626656,86.003113,82.856339,83.330948,76.214233,76.653679,80.181969,80.732864,84.020424,84.362862,82.785057,83.201614,1.1055261,1.0663663,1.2017604,1.1497604,1.8555717,1.772884,2.5886977,2.5249684,0.81969184,0.80694073,0.99109679,0.96281165,1.2565457,1.2091998,2.7812636,2.7446392,21697,23455,16789,5764,20769,24599,16730,5260
Holmes,38943,15000,Canton,700866,Ohio,OH,81.126656,81.578918,86.179901,86.539261,89.669044,89.851845,90.193687,90.333389,77.836533,78.317299,82.279633,82.690994,82.483131,82.93203,82.379761,82.818619,1.3371432,1.2967123,1.3801792,1.3119177,1.2868483,1.2145053,2.0634892,1.9629198,0.96680051,0.94829732,1.2546394,1.2151673,1.748441,1.7092386,2.4667666,2.4219069,18983,22546,15085,6666,18061,23915,14331,5902
Huron,59487,15100,Lorain,423702,Ohio,OH,80.55658,80.756111,83.137581,83.588211,85.135338,85.558533,88.033432,88.352478,74.582001,74.753265,79.751663,80.199829,80.964218,81.440521,85.172096,85.511391,0.73650408,0.71370453,0.83442563,0.79834318,0.95488626,0.90918422,1.2765344,1.2016659,0.59817225,0.59235173,0.65106124,0.63625604,0.73639458,0.7224223,1.1875775,1.1375189,42086,60299,54761,24242,35990,64967,56177,21846
Jackson,32641,15700,Scioto,225682,Ohio,OH,81.348152,81.757065,82.94693,83.435036,86.273094,86.600243,88.406448,88.559059,74.617142,75.110687,77.938705,78.443672,83.861053,84.210625,78.939041,79.271454,0.9851287,0.94396019,1.2924498,1.2392814,1.4337676,1.3595834,2.5345249,2.4413848,0.78032297,0.77821523,1.0177919,1.0019484,1.2588359,1.2117498,2.2562714,2.2694089,24668,23289,16936,6720,22493,25158,16921,6001
Jefferson,73894,15500,Weirton,132008,Ohio,OH,81.354477,81.816986,82.962257,83.461166,83.279976,83.829224,85.004402,85.453041,73.471191,74.049469,79.462013,79.954659,80.662285,81.184853,81.042503,81.521545,0.62296683,0.60300422,0.71388638,0.68789202,0.8572889,0.82395846,1.3850651,1.3262193,0.46906817,0.47087827,0.56454194,0.55655229,0.72965729,0.71638936,1.3495886,1.3279147,56982,55712,53789,21773,49298,61172,55387,19050
Knox,54500,15900,Columbus,1663807,Ohio,OH,81.245316,81.684517,83.772888,84.174171,85.22715,85.606049,88.494736,88.694366,75.559669,76.027542,80.068626,80.492691,83.051888,83.445343,84.73848,85.0662,0.83215737,0.80334997,0.84072113,0.80766469,1.0307363,0.98352182,1.0370427,0.98506635,0.68015122,0.67529857,0.70100778,0.68459451,0.92339015,0.89291573,1.1630211,1.1176425,36253,47404,42119,22104,33318,49184,40860,19685
Lake,227511,15200,Cleveland,2661167,Ohio,OH,80.929337,81.323746,83.821732,84.206497,86.109528,86.452713,88.027206,88.251511,75.413231,75.847549,80.14753,80.548897,83.063988,83.454391,84.94738,85.250565,0.42164105,0.41112131,0.43218687,0.41847295,0.4444567,0.42407426,0.52060717,0.49752942,0.35731983,0.35834906,0.3725594,0.366932,0.42904606,0.41705814,0.53168124,0.51503092,118110,189161,201509,141159,107260,178779,196470,131751
Lawrence,62319,17100,Huntington,344380,Ohio,OH,81.942589,82.407913,83.223923,83.676872,85.846954,86.209747,85.79493,86.193604,74.086861,74.626381,80.114532,80.533928,82.029877,82.466309,83.554855,83.942215,0.7166447,0.68437952,0.85127723,0.82192248,1.114318,1.0625588,1.6530842,1.5778877,0.48427057,0.48938218,0.66258395,0.64220494,1.0065641,0.98302168,1.7224388,1.6703352,50242,45242,35163,16442,45651,44506,35044,14832
Licking,145491,15900,Columbus,1663807,Ohio,OH,81.045326,81.442291,84.392273,84.777496,85.93351,86.293228,86.916809,87.210976,75.099937,75.597343,79.981606,80.444908,83.644562,84.023529,84.946587,85.262589,0.53666425,0.52236146,0.53694415,0.51496994,0.61294246,0.58441269,0.81002611,0.77426928,0.43470126,0.43380997,0.47663531,0.46709919,0.58430481,0.56535995,0.75377131,0.73045701,85035,111740,114413,76562,76961,110785,112187,71181
Logan,46005,12501,Dayton,1179009,Ohio,OH,81.153122,81.536545,84.155052,84.502129,84.549278,85.007935,87.467575,87.804924,74.036377,74.533218,79.307236,79.719864,82.477173,82.918549,82.816879,83.250374,0.93466479,0.90860134,0.92160583,0.88260871,1.055863,1.009546,1.6082878,1.5229348,0.61949116,0.62703001,0.77504343,0.76151639,0.90070188,0.87230927,1.5985348,1.5622311,29592,38297,39212,20115,27792,40180,39768,18969
Lorain,284664,15100,Lorain,423702,Ohio,OH,80.932159,81.095131,83.307968,83.639183,84.521431,84.877235,87.386909,87.639214,74.116577,74.334938,79.599487,79.946114,82.19725,82.557495,85.198853,85.493294,0.39577726,0.38500711,0.4207918,0.41116816,0.45595437,0.43882439,0.55952537,0.53524381,0.31483495,0.31350967,0.33244154,0.32800731,0.40321046,0.39684266,0.54496944,0.53087336,163399,211987,222515,152514,137544,208205,223903,144518
Lucas,455054,13501,Toledo,834343,Ohio,OH,79.954002,80.681702,83.253128,83.785675,85.337227,85.722046,87.302505,87.557373,74.136246,74.921654,78.631554,79.200386,81.838531,82.252365,83.718369,84.061661,0.33359334,0.32645836,0.33093041,0.31966174,0.39119443,0.37445736,0.43793577,0.42063406,0.26523355,0.27242032,0.29391199,0.29399559,0.36529166,0.35956749,0.4235152,0.40997481,257001,291036,268172,212477,222250,261450,268411,203218
Madison,40213,15900,Columbus,1663807,Ohio,OH,79.821083,80.395622,83.499649,83.910515,82.869705,83.308464,89.158623,89.319946,73.437355,74.212639,78.114204,78.555557,81.702194,82.070183,84.891884,85.208725,0.96858531,0.92686677,0.97523481,0.93370926,1.1095191,1.0713549,1.0131687,0.96303433,0.7070905,0.70826483,0.76215631,0.75916398,0.90188932,0.88162369,1.4790664,1.4351,23485,35632,35519,23989,22593,36264,35644,22983
Mahoning,257555,16400,Youngstown,809682,Ohio,OH,82.078522,82.806335,83.455376,83.942574,85.858154,86.304695,87.179649,87.446358,75.061653,75.891342,80.20285,80.689316,82.735405,83.19239,84.017693,84.333473,0.39384946,0.38083488,0.44688386,0.43175,0.49790892,0.47452629,0.68938863,0.6606366,0.33175844,0.33339792,0.35122645,0.3491019,0.45061862,0.43732414,0.62106693,0.60177964,174638,182989,162016,99346,144920,175372,155874,92696
Marion,66217,16000,Mansfield,326186,Ohio,OH,80.01088,80.554871,82.993469,83.442955,84.999222,85.409241,85.084465,85.286217,74.480446,75.145279,79.816025,80.257759,81.454445,81.874077,82.762512,83.035393,0.75729966,0.7321679,0.7965101,0.7659272,1.0580655,1.0159998,1.4946185,1.4475603,0.57640344,0.58066899,0.67878002,0.66813177,0.91273886,0.89604098,1.5263351,1.4991653,41411,52017,42808,20181,37835,53097,41187,18450
Medina,151095,15200,Cleveland,2661167,Ohio,OH,81.846352,82.339279,84.457718,84.892433,86.772476,87.004463,87.075615,87.374924,76.126656,76.656273,80.978088,81.423836,83.425568,83.737175,84.669533,84.985458,0.62524915,0.60136831,0.59121144,0.56964427,0.55537468,0.53528386,0.6476925,0.62043929,0.51911879,0.52040064,0.50331086,0.4982827,0.49219897,0.48249844,0.64484125,0.62637347,70812,117303,149893,133146,57804,117713,154213,130567
Mercer,40924,13400,Lima,260393,Ohio,OH,82.453644,82.844055,84.235611,84.634766,86.396973,86.722717,86.240471,86.539711,74.036072,74.479622,80.696861,81.141281,82.605789,83.01712,87.177681,87.40255,1.1258371,1.0793029,1.0282671,0.97675848,1.1797359,1.1275922,1.7337519,1.6633022,0.69840461,0.70396435,0.8809101,0.86270803,1.156598,1.129486,1.5382304,1.4745598,21139,32121,31963,15333,19489,37620,31680,13930
Miami,98868,12501,Dayton,1179009,Ohio,OH,80.718651,81.29142,84.286797,84.705544,86.082962,86.443092,87.615211,87.783638,74.789421,75.392044,79.495232,79.956924,82.85527,83.262505,85.950279,86.117966,0.64111227,0.62306064,0.62750167,0.60091311,0.73997533,0.7028594,0.91225302,0.87868387,0.48651066,0.49003458,0.50496274,0.50056332,0.61588883,0.59976387,0.72028595,0.69874948,61669,82133,81308,55211,52877,84740,82728,51599
Montgomery,559062,12501,Dayton,1179009,Ohio,OH,79.874184,80.791893,83.185654,83.804169,85.30529,85.755318,87.435837,87.779549,73.717506,74.755211,79.755791,80.423714,82.424461,82.928337,85.376022,85.768677,0.27484459,0.27611494,0.28962496,0.28394273,0.31382692,0.30478796,0.36586988,0.34995449,0.20226915,0.21644132,0.24801253,0.24700408,0.2921989,0.29060999,0.32705873,0.31585813,332680,409185,384460,321208,300832,363449,364167,301461
Morrow,31628,16000,Mansfield,326186,Ohio,OH,82.15007,82.568916,84.038963,84.414459,86.067505,86.456635,84.632126,85.087959,76.431419,76.846252,79.515594,79.953957,83.644905,84.03125,79.685188,80.152962,1.2889504,1.2368515,1.2632692,1.2079397,1.6557689,1.5776798,2.5335326,2.4510715,0.95034701,0.93147522,1.0305405,1.0125759,1.4189458,1.369597,2.0542877,2.0346026,17267,22404,19496,7779,16046,24152,19172,6958
Muskingum,84585,15400,Zanesville,188410,Ohio,OH,81.370888,81.94136,84.336319,84.749855,84.780914,85.157028,87.631729,87.885094,75.342583,75.977028,80.48616,80.958626,82.966026,83.328491,84.126038,84.503975,0.58715755,0.5666796,0.70497048,0.67398888,0.90379274,0.86687058,1.1063097,1.0531441,0.46363845,0.46485496,0.59467667,0.58246672,0.7695775,0.74831331,1.2294441,1.1865911,70329,70302,57732,26548,61812,72600,55781,23747
Ottawa,40985,13501,Toledo,834343,Ohio,OH,80.585526,80.852722,84.000221,84.342293,86.194283,86.471542,88.20311,88.46978,75.605026,75.840782,80.439072,80.787796,83.400543,83.716202,83.991516,84.376427,0.94057345,0.90969396,0.95973688,0.92111105,0.93210483,0.89377666,1.2121602,1.1381519,0.76889706,0.7607913,0.76028299,0.74403089,0.9026292,0.87518382,1.1902373,1.1449033,27158,35300,39444,24884,23779,37784,40186,23290
Perry,34078,15400,Zanesville,188410,Ohio,OH,80.34996,80.874168,83.69046,84.117683,83.542969,84.033272,88.831116,88.923698,75.246758,75.753235,79.174515,79.649574,81.374657,81.820442,81.620331,81.988342,1.0124713,0.98017395,1.0532833,1.0030489,1.4070958,1.3619686,1.8616043,1.7987292,0.709795,0.70527124,0.84841162,0.83655888,1.1941192,1.1620986,2.1063371,2.0669551,27411,30959,25604,9069,27368,35929,24992,7993
Pickaway,52727,15900,Columbus,1663807,Ohio,OH,79.616699,80.063393,83.253487,83.687637,84.746872,85.14344,86.152725,86.49633,74.633423,75.177658,79.59938,80.069496,82.353165,82.768517,82.077286,82.535599,0.91854721,0.89235508,0.85303831,0.81833351,0.95398349,0.90909564,1.4743357,1.4070947,0.67092425,0.67361987,0.72627932,0.71732306,0.86988747,0.84086359,1.2735419,1.2385676,27963,40226,41450,22598,25222,41066,40637,20680
Pike,27695,15700,Scioto,225682,Ohio,OH,82.771507,83.200417,83.700745,84.103279,82.228455,82.68956,89.009689,89.185493,75.070915,75.571152,77.372238,77.878609,79.263901,79.719246,86.294838,86.56385,1.2206355,1.1686456,1.431276,1.3630391,1.852551,1.8029649,3.0048268,2.8965147,0.84196329,0.8346228,1.1336204,1.1272602,1.3642102,1.3741707,3.1962719,3.1022518,19196,17025,13647,5475,18578,18151,13867,4971
Portage,152061,15200,Cleveland,2661167,Ohio,OH,82.14521,82.489395,84.353043,84.753189,85.215813,85.578247,88.668884,88.90094,75.342628,75.779953,80.069603,80.539879,83.446259,83.829437,85.158478,85.510696,0.60933208,0.59108222,0.57686365,0.55064207,0.64905477,0.61757272,0.62656486,0.59363216,0.47112575,0.47452894,0.45552725,0.44709715,0.57664371,0.55935085,0.74270254,0.70986629,77980,111623,115642,75676,67972,116187,115305,70596
Preble,42337,12501,Dayton,1179009,Ohio,OH,81.18895,81.628075,83.717361,84.099106,87.663643,87.892204,82.876289,83.406212,76.220909,76.693871,79.650246,80.08606,82.424568,82.816818,83.143661,83.558655,0.92735124,0.89066035,0.97973239,0.94069213,0.88889498,0.84288061,1.9666153,1.9341122,0.77612573,0.76913345,0.78651363,0.76857382,0.98306447,0.9518885,1.7467287,1.7008327,25315,35201,33118,13551,22866,37653,32603,12211
Putnam,34726,13400,Lima,260393,Ohio,OH,81.50827,81.58709,85.796707,86.096275,85.306923,85.663574,89.678734,89.850189,75.09343,75.269524,80.892151,81.27623,83.425529,83.737801,82.138603,82.574059,1.1228814,1.0904061,1.1144998,1.0575411,1.3056784,1.250334,1.5387261,1.4641383,0.90203035,0.89446491,0.96521842,0.94150996,1.1125007,1.07373,2.0974844,2.0569983,15115,27904,30999,15753,14156,32017,32148,14397
Richland,128852,16000,Mansfield,326186,Ohio,OH,81.458366,82.071014,84.379478,84.795479,86.461685,86.812691,87.486671,87.735657,74.576523,75.302124,79.979805,80.441528,81.953423,82.404778,84.28064,84.609573,0.51710534,0.49554005,0.56228292,0.53959608,0.59219676,0.56339186,0.76000774,0.72556537,0.4076758,0.41208211,0.47523943,0.47052449,0.58344984,0.56965792,0.81753808,0.78953773,88747,101020,87843,48514,77252,101822,87297,44425
Ross,73345,15700,Scioto,225682,Ohio,OH,81.306252,81.782784,84.204712,84.649857,84.210114,84.619514,86.450592,86.667053,75.002487,75.606499,77.92907,78.540276,82.156586,82.565376,81.983345,82.323631,0.71067232,0.68663484,0.69117695,0.65768129,0.87939334,0.83993953,1.5521853,1.502758,0.56161594,0.55308336,0.59858924,0.60184526,0.77768469,0.75876689,1.1899114,1.166766,49495,56726,50471,23288,46033,58135,50984,21281
Sandusky,61792,13300,Findlay,246623,Ohio,OH,79.84819,79.945694,85.347778,85.57415,85.561951,85.807785,84.853889,85.267097,75.51133,75.579292,80.100487,80.448624,81.436966,81.728577,85.445068,85.736664,0.89989591,0.87462515,0.8083269,0.77230293,1.0706241,1.0312088,1.7585186,1.6928504,0.75499201,0.74337864,0.73070645,0.71740878,0.88452643,0.86493295,1.4531044,1.4041758,32529,46688,41532,18798,28118,51207,42374,17104
Scioto,79195,15700,Scioto,225682,Ohio,OH,80.939545,81.382423,83.653404,84.059616,84.636818,85.075432,87.806801,88.122063,74.777122,75.26683,79.086716,79.530388,81.114174,81.560013,83.322723,83.794167,0.68262684,0.65837526,0.77736986,0.74534148,1.097877,1.0464631,1.3530492,1.2768196,0.49873361,0.50253767,0.67427158,0.66619325,0.92280465,0.90572244,1.5972672,1.5511109,56144,53111,40816,19256,51968,52213,40495,17533
Seneca,58683,13300,Findlay,246623,Ohio,OH,81.738792,82.088463,83.557426,83.905991,85.626312,85.982559,86.977318,87.256691,75.007889,75.415726,81.028709,81.379951,82.016106,82.398659,83.458824,83.798836,0.7765606,0.74334627,0.83358961,0.80128288,1.093784,1.0507963,1.6493515,1.5775312,0.60394764,0.59878129,0.67125887,0.65601856,0.912453,0.89134145,1.4540746,1.4110951,39520,53999,45292,17807,36503,59116,44860,16109
Shelby,47910,12501,Dayton,1179009,Ohio,OH,81.921661,82.37854,84.612549,84.982132,86.526695,86.875694,90.168579,90.271759,74.694313,75.273834,79.889633,80.337013,82.944008,83.355888,88.530937,88.669212,1.0316708,0.98601443,0.97420281,0.93109709,1.2117198,1.153172,1.139724,1.0960737,0.80424732,0.80227596,0.80070519,0.78538817,1.0409304,1.0084666,1.3052779,1.2589062,24964,36782,33993,18650,23321,41205,35458,18015
Stark,378098,15000,Canton,700866,Ohio,OH,81.597336,82.20433,84.721031,85.112694,86.279411,86.636871,88.202324,88.446121,75.536194,76.23291,80.070099,80.528404,82.997452,83.409172,85.083466,85.409454,0.33661518,0.32921016,0.33102903,0.32105556,0.39289212,0.37598619,0.50182205,0.48229739,0.26455715,0.27085215,0.28663674,0.28640133,0.36749917,0.36191732,0.49628457,0.47713232,256740,302100,275183,161766,221390,302205,265173,148709
Summit,542899,15200,Cleveland,2661167,Ohio,OH,80.373444,81.107986,83.572258,84.054909,85.723328,86.152954,87.297874,87.613327,74.488968,75.315964,79.674835,80.212669,82.444466,82.930679,85.32663,85.687607,0.29565987,0.292725,0.31326783,0.3043704,0.33215103,0.32225862,0.37457854,0.35780743,0.22543676,0.23556475,0.24787144,0.25283009,0.30195299,0.29464594,0.35956988,0.34870189,333553,409492,397622,326722,297402,385939,382233,312613
Trumbull,225116,16400,Youngstown,809682,Ohio,OH,80.087685,80.675583,84.272736,84.707146,85.007202,85.458694,86.469833,86.84745,73.988815,74.620079,80.030968,80.525383,82.385948,82.836967,83.278191,83.719109,0.41366649,0.40540832,0.40297124,0.38618746,0.50360036,0.48308855,0.72635537,0.69277519,0.33594155,0.34070754,0.34206274,0.33968574,0.43142864,0.42563474,0.67604011,0.65488148,143119,180846,156073,80484,122945,180309,154092,72700
Tuscarawas,90914,15000,Canton,700866,Ohio,OH,83.135948,83.560379,83.920448,84.36145,87.089607,87.408989,86.399117,86.651443,75.963112,76.467682,82.542923,82.945892,82.205925,82.643288,84.713829,84.889618,0.65643632,0.63123906,0.70357519,0.67908359,0.76688409,0.72567475,1.4562105,1.4056072,0.47459918,0.47205868,0.56587756,0.5520587,0.78777313,0.76659024,1.165992,1.1348548,72030,80671,67560,28427,61860,92013,63720,25660
Union,40909,15900,Columbus,1663807,Ohio,OH,81.01535,81.432671,84.373413,84.66584,84.172119,84.554169,87.719261,87.843704,74.765602,75.219818,79.172157,79.596184,83.000008,83.369774,84.504791,84.832512,1.1847463,1.1467836,1.2270962,1.1801383,1.3100061,1.2621704,1.493042,1.4493883,1.0175706,1.005161,1.0021555,0.98409629,1.088132,1.0507476,1.6191514,1.5618886,15979,24730,31282,22056,14423,24741,32596,21970
Van Wert,29659,13400,Lima,260393,Ohio,OH,82.276268,82.519066,85.288216,85.669441,86.001808,86.394012,83.319786,83.83194,75.916969,76.181442,78.722328,79.19548,81.905098,82.353752,83.931633,84.305405,1.3697568,1.3221314,1.2644714,1.205387,1.5561864,1.4773389,2.3546073,2.3057437,1.0398395,1.0265212,0.95013684,0.94327837,1.3578635,1.3196069,2.3932991,2.3197029,14373,22963,18438,7652,12995,24482,17503,6220
Warren,158383,12701,Cincinnati,1954800,Ohio,OH,80.744598,81.097626,84.282547,84.585678,85.22242,85.578987,87.753242,87.946198,75.314247,75.708809,80.562347,80.929443,82.559311,82.958923,85.165611,85.477249,0.60457271,0.58345705,0.60654467,0.5896439,0.63440233,0.6124723,0.65685195,0.63384575,0.51603907,0.50719321,0.49893954,0.48686633,0.57042313,0.55542773,0.61030734,0.59139711,66493,106651,137687,166907,58682,100349,137989,171258
Washington,63251,15300,Parkersburg,202967,Ohio,OH,82.115883,82.52787,83.358643,83.845894,86.770561,87.098282,87.237717,87.369888,75.34594,75.803391,80.719017,81.217422,82.203239,82.647354,85.931854,86.166702,0.74074948,0.71413881,0.80353785,0.77063864,0.88890624,0.84167027,1.3471302,1.3050729,0.53989005,0.5366171,0.66239768,0.64883971,0.88630867,0.86205429,1.2220787,1.1803745,48041,50781,46225,22905,43156,53960,45055,20968
Wayne,111564,15000,Canton,700866,Ohio,OH,81.781151,82.266037,84.593498,84.995331,86.61409,86.907158,87.847359,88.083557,77.088211,77.599945,81.277138,81.7052,83.985229,84.316307,86.370735,86.614799,0.63329357,0.60881442,0.60535991,0.57918763,0.71042949,0.6798507,0.97202903,0.92946565,0.50667793,0.50239378,0.51243025,0.50160676,0.63398385,0.61179489,0.90976638,0.87649518,70053,96017,86478,44516,63595,103788,85006,39862
Williams,39188,13502,Defiance,98981,Ohio,OH,81.593895,81.913795,84.584129,84.9683,84.879868,85.242805,88.216362,88.422478,74.920731,75.288353,79.342148,79.770393,80.975349,81.390839,83.948174,84.272377,1.0172518,0.98257917,1.0938914,1.0431254,1.1814419,1.1326712,1.4020425,1.3272327,0.78808182,0.78367573,0.78522086,0.77586317,0.98262548,0.97020257,1.688978,1.6329244,24926,34127,30204,12862,21915,38423,29980,11289
Wood,121065,13501,Toledo,834343,Ohio,OH,80.064133,80.375633,84.979813,85.152336,86.762817,87.019241,87.496254,87.748772,74.04007,74.338348,79.57428,79.83654,82.508972,82.858612,84.489189,84.804398,0.7071588,0.68630302,0.62784946,0.60726756,0.69873857,0.67017847,0.7497831,0.71894157,0.55369902,0.55030918,0.55913812,0.5494945,0.63416904,0.61524898,0.77389687,0.74934608,52578,81178,94071,77443,44466,79919,96747,74198
